lemma	pos	ipa	zh	meaning_en
function	noun	/ˈfʌŋkʃn/	功能	the special work done by an organ, tissue, or system
nourishment	noun	/ˈnʌrɪʃmənt/	营养；滋养	food and substances that keep the body alive and growing
nutrient	noun	/ˈnuːtriənt/	营养素	a substance in food used for energy, growth, or repair
blood vessel	phrase	/blʌd ˈvesl/	血管	a tube that carries blood through the body
cardiovascular system	phrase	/ˌkɑːrdioʊˈvæskjələr ˈsɪstəm/	心血管系统	the heart and blood vessels working as one system
skeletal system	phrase	/ˈskelətl ˈsɪstəm/	骨骼系统	the bones and joints that support the body
muscular system	phrase	/ˈmʌskjələr ˈsɪstəm/	肌肉系统	the muscles that move the body and its parts
lymph nodes	phrase	/lɪmf noʊdz/	淋巴结	small filters along lymph vessels that trap microbes and debris
circulatory system	phrase	/ˈsɜːrkjələtɔːri ˈsɪstəm/	循环系统	the system that moves blood around the body
respiratory system	phrase	/ˈrespərətɔːri ˈsɪstəm/	呼吸系统	the airways and lungs used for gas exchange
urinary system	phrase	/ˈjʊrəneri ˈsɪstəm/	泌尿系统	the kidneys and tracts that form and pass urine
endocrine system	phrase	/ˈendoʊkrɪn ˈsɪstəm/	内分泌系统	glands that secrete hormones into the blood
reproductive system	phrase	/ˌriːprəˈdʌktɪv ˈsɪstəm/	生殖系统	organs used for producing offspring
principal	adjective	/ˈprɪnsəpl/	主要的	chief or most important in a structure or function
bone marrow	phrase	/boʊn ˈmæroʊ/	骨髓	the soft tissue inside bones that makes blood cells
cube-shaped	adjective	/kjuːb ʃeɪpt/	立方形的	having the shape of a cube, as some short bones do
interior	adjective	/ɪnˈtɪriər/	内部的	on the inside of a body part or cavity
external	adjective	/ɪkˈstɜːrnl/	外部的	on the outside of the body or an organ
hinge joint	phrase	/hɪndʒ dʒɔɪnt/	屈戌关节；铰链关节	a joint that moves mainly in one plane, like the elbow
pivot joint	phrase	/ˈpɪvət dʒɔɪnt/	车轴关节；枢轴关节	a joint that allows rotation around a long axis
socket	noun	/ˈsɑːkɪt/	关节窝；槽	a hollow that receives another bone or structure
elbow	noun	/ˈelboʊ/	肘	the joint between the upper arm and the forearm
hip joints	phrase	/hɪp dʒɔɪnts/	髋关节	the ball-and-socket joints between femur and pelvis
cushioning	noun	/ˈkʊʃənɪŋ/	衬垫；缓冲	soft tissue or cartilage that spreads load and shock
striated muscles	phrase	/straɪˈeɪtɪd ˈmʌslz/	横纹肌	skeletal muscle with a striped microscopic pattern
smooth muscles	phrase	/smuːð ˈmʌslz/	平滑肌	involuntary muscle of viscera and vessels
voluntary muscles	phrase	/ˈvɑːlənteri ˈmʌslz/	随意肌	muscles under conscious control
fungus	noun	/ˈfʌŋɡəs/	真菌	a yeast or mold that can infect tissue
mental retardation	phrase	/ˈmentl ˌriːtɑːrˈdeɪʃn/	智力障碍（旧称）	an outdated classroom term for intellectual disability
venereal disease	phrase	/vəˈnɪriəl dɪˈziːz/	性病（旧称）	an older name for a sexually transmitted infection
cholera	noun	/ˈkɑːlərə/	霍乱	an acute diarrheal infection usually from contaminated water
typhoid fever	phrase	/ˈtaɪfɔɪd ˈfiːvər/	伤寒	a systemic Salmonella infection with prolonged fever
acute disease	phrase	/əˈkjuːt dɪˈziːz/	急性病	an illness that starts quickly and runs a short course
chronic disease	phrase	/ˈkrɑːnɪk dɪˈziːz/	慢性病	an illness that lasts a long time or recurs
subacute disease	phrase	/ˌsʌbəˈkjuːt dɪˈziːz/	亚急性病	an illness whose course sits between acute and chronic
fatal	adjective	/ˈfeɪtl/	致命的	able to cause death
rheumatic fever	phrase	/ruːˈmætɪk ˈfiːvər/	风湿热	an inflammatory sequel of streptococcal infection
subarachnoid	adjective	/ˌsʌbəˈræknɔɪd/	蛛网膜下的	beneath the arachnoid, as in subarachnoid space
blood poisoning\sepsis	phrase	/ˈsepsɪs/	败血症；脓毒症	systemic infection with a harmful host response
negative feedback control	phrase	/ˈneɡətɪv ˈfiːdbæk kənˈtroʊl/	负反馈调节	a loop in which the product dampens its own production
gastrointestinal tract	phrase	/ˌɡæstroʊɪnˈtestɪnl trækt/	胃肠道	the digestive tube from mouth to anus
cardiac sphincter	phrase	/ˈkɑːrdiæk ˈsfɪŋktər/	贲门括约肌	the sphincter at the esophagus-stomach junction
pyloric sphincter	phrase	/paɪˈlɔːrɪk ˈsfɪŋktər/	幽门括约肌	the sphincter that controls emptying into the duodenum
digestive	adjective	/daɪˈdʒestɪv/	消化的	relating to the breakdown and absorption of food
chyme	noun	/kaɪm/	食糜	the semi-fluid mix of food and gastric juice
duodenum	noun	/ˌduːəˈdiːnəm/	十二指肠	the first part of the small intestine
oral cavity \buccal cavity	phrase	/ˈɔːrəl ˈkævəti/	口腔	the mouth cavity
jejunum	noun	/dʒɪˈdʒuːnəm/	空肠	the middle part of the small intestine
palate	noun	/ˈpælət/	腭	the roof of the mouth
ileum	noun	/ˈɪliəm/	回肠	the last part of the small intestine
chewing	noun	/ˈtʃuːɪŋ/	咀嚼	the act of grinding food with the teeth
cecum	noun	/ˈsiːkəm/	盲肠	the pouch at the start of the large intestine
swallowing	noun	/ˈswɑːloʊɪŋ/	吞咽	the act of moving a bolus from mouth toward the esophagus
rectum	noun	/ˈrektəm/	直肠	the distal large bowel that stores feces
incisor	noun	/ɪnˈsaɪzər/	切牙；门齿	a front cutting tooth
cuspid	noun	/ˈkʌspɪd/	尖牙	a canine tooth
sigmoid colon	phrase	/ˈsɪɡmɔɪd ˈkoʊlən/	乙状结肠	the S-shaped colon before the rectum
ileocecal valve	phrase	/ˌɪlioʊˈsiːkəl vælv/	回盲瓣	the valve between ileum and cecum
molar	noun	/ˈmoʊlər/	磨牙	a back grinding tooth
ascending colon	phrase	/əˈsendɪŋ ˈkoʊlən/	升结肠	the colon running up the right abdomen
cementum	noun	/sɪˈmentəm/	牙骨质	the bony layer covering a tooth root
transverse colon	phrase	/trænzˈvɜːrs ˈkoʊlən/	横结肠	the colon crossing the upper abdomen
descending colon	phrase	/dɪˈsendɪŋ ˈkoʊlən/	降结肠	the colon running down the left abdomen
pulp	noun	/pʌlp/	牙髓	the soft inner tissue of a tooth
stool	noun	/stuːl/	粪便	feces passed from the bowel
enamel	noun	/ɪˈnæml/	牙釉质	the hard outer covering of a tooth crown
anus	noun	/ˈeɪnəs/	肛门	the distal opening of the alimentary canal
periodontium	noun	/ˌperiəˈdɑːntiəm/	牙周组织	the tissues that support a tooth in the jaw
hydrochloric acid	phrase	/ˌhaɪdrəˈklɔːrɪk ˈæsɪd/	盐酸	the strong acid secreted by gastric glands
deciduous dentition	phrase	/dɪˈsɪdʒuəs denˈtɪʃn/	乳牙列	the primary set of teeth in children
permanent dentition	phrase	/ˈpɜːrmənənt denˈtɪʃn/	恒牙列	the adult set of teeth
bile pigment	phrase	/baɪl ˈpɪɡmənt/	胆汁色素	colored bile compounds such as bilirubin
lower jaw	phrase	/ˈloʊər dʒɔː/	下颌	the mandible
papillae	noun	/pəˈpɪliː/	乳头	small nipple-like projections, as on the tongue
blood protein	phrase	/blʌd ˈproʊtiːn/	血浆蛋白	proteins carried in plasma
taste bud	phrase	/teɪst bʌd/	味蕾	a cluster of taste receptors on the tongue
uvula	noun	/ˈjuːvjələ/	腭垂；悬雍垂	the small fleshy tag hanging from the soft palate
parotid gland	phrase	/pəˈrɑːtɪd ɡlænd/	腮腺	the large salivary gland in front of the ear
cilia	noun	/ˈsɪliə/	纤毛	hair-like projections that move mucus or fluid
submandibular gland	phrase	/ˌsʌbmænˈdɪbjələr ɡlænd/	下颌下腺	a salivary gland under the mandible
amylase	noun	/ˈæməleɪs/	淀粉酶	an enzyme that digests starch
lipase	noun	/ˈlaɪpeɪs/	脂肪酶	an enzyme that digests fat
hepatic duct	phrase	/hɪˈpætɪk dʌkt/	肝管	a duct carrying bile from the liver
cystic duct	phrase	/ˈsɪstɪk dʌkt/	胆囊管	the duct joining the gallbladder to the bile duct
nasal cavity	phrase	/ˈneɪzl ˈkævəti/	鼻腔	the air space inside the nose
common bile duct	phrase	/ˈkɑːmən baɪl dʌkt/	胆总管	the duct that carries bile into the duodenum
detoxification	noun	/diːˌtɑːksɪfɪˈkeɪʃn/	解毒	the process of making a harmful substance less toxic
fundus	noun	/ˈfʌndəs/	底；底部	the part of a hollow organ farthest from its opening
emulsification	noun	/ɪˌmʌlsɪfɪˈkeɪʃn/	乳化	breaking fat into tiny droplets so enzymes can act
antrum	noun	/ˈæntrəm/	窦；腔	a cavity, such as the gastric antrum
bile acid	phrase	/baɪl ˈæsɪd/	胆汁酸	liver-made acids that help digest fat
gingivitis	noun	/ˌdʒɪndʒɪˈvaɪtɪs/	牙龈炎	inflammation of the gums
laparoscope	noun	/ˈlæpərəskoʊp/	腹腔镜	an instrument for looking into the peritoneal cavity
peptic ulcer	phrase	/ˈpeptɪk ˈʌlsər/	消化性溃疡	an ulcer of stomach or duodenum from acid injury
paralytic ileus	phrase	/ˌpærəˈlɪtɪk ˈɪliəs/	麻痹性肠梗阻	bowel obstruction from lost peristalsis, not a mechanical block
barium	noun	/ˈberiəm/	钡	a radiopaque contrast used in GI imaging
autodigestion	noun	/ˌɔːtoʊdaɪˈdʒestʃən/	自身消化	tissue digested by its own enzymes, as in pancreatitis
hiatal	adjective	/haɪˈeɪtl/	裂孔的	relating to a hiatus, especially the diaphragmatic hiatus
hernia	noun	/ˈhɜːrniə/	疝	protrusion of a viscus through a weak wall
epigastric	adjective	/ˌepɪˈɡæstrɪk/	上腹部的	in the upper central abdomen over the stomach
endoscopy	noun	/enˈdɑːskəpi/	内镜检查	inspection of a hollow organ with a lighted tube
navel	noun	/ˈneɪvl/	脐	the umbilicus
histamine	noun	/ˈhɪstəmiːn/	组胺	a mediator of acid secretion and allergic inflammation
chest cavity	phrase	/tʃest ˈkævəti/	胸腔	the thoracic cavity containing lungs and heart
ulcerative colitis	phrase	/ˈʌlsərətɪv kəˈlaɪtɪs/	溃疡性结肠炎	chronic colonic mucosal inflammation with ulcers
diverticulum	noun	/ˌdaɪvərˈtɪkjələm/	憩室	a pouch bulging from a hollow organ wall
hepatomegaly	noun	/ˌhepətəʊˈmeɡəli/	肝肿大	enlargement of the liver
diverticulosis	noun	/ˌdaɪvərtɪkjəˈloʊsɪs/	憩室病	presence of diverticula, usually in the colon
polyps	noun	/ˈpɑːlɪps/	息肉	abnormal mucosal growths, often in the bowel
architecture	noun	/ˈɑːrkɪtektʃər/	结构；构筑	the organized microscopic arrangement of a tissue
occult blood	phrase	/əˈkʌlt blʌd/	隐血	blood not visible to the eye, found by testing
nodule	noun	/ˈnɑːdʒuːl/	结节	a small firm lump in tissue
proctoscope	noun	/ˈprɑːktəskoʊp/	直肠镜	an instrument for inspecting the rectum
micronodular	adjective	/ˌmaɪkroʊˈnɑːdʒələr/	小结节性的	made of very small nodules, as in some cirrhosis
sigmoidoscope	noun	/sɪɡˈmɔɪdəskoʊp/	乙状结肠镜	an instrument for inspecting the sigmoid colon
macronodular	adjective	/ˌmækroʊˈnɑːdʒələr/	大结节性的	made of large nodules
colonoscope	noun	/kəˈlɑːnəskoʊp/	结肠镜	an instrument for inspecting the whole colon
lobular	adjective	/ˈlɑːbjələr/	小叶的	arranged in or relating to lobules
ileostomy	noun	/ˌɪliˈɑːstəmi/	回肠造口术	a surgical opening of ileum onto the abdominal wall
cholelithiasis	noun	/ˌkoʊləlɪˈθaɪəsɪs/	胆石症	gallstones in the gallbladder or bile ducts
colostomy	noun	/kəˈlɑːstəmi/	结肠造口术	a surgical opening of colon onto the abdominal wall
gastroduodenostomy	noun	/ˌɡæstroʊˌduːədəˈnɑːstəmi/	胃十二指肠吻合术	a surgical join between stomach and duodenum
biliary colic	phrase	/ˈbɪliəri ˈkɑːlɪk/	胆绞痛	wave-like pain from a stone obstructing a bile duct
coloproctostomy	noun	/ˌkoʊloʊprɑːkˈtɑːstəmi/	结肠直肠吻合术	a surgical join between colon and rectum
pulmonary veins	phrase	/ˈpʌlməneri veɪnz/	肺静脉	veins that return oxygenated blood from lungs to the left atrium
maxillary sinus	phrase	/mækˈsɪləri ˈsaɪnəs/	上颌窦	the paranasal sinus in the maxilla
irritant	noun	/ˈɪrɪtənt/	刺激物	a substance that inflames or provokes a tissue
paranasal sinus	phrase	/ˌpærəˈneɪzl ˈsaɪnəs/	鼻旁窦	an air sinus around the nasal cavity
frontal sinus	phrase	/ˈfrʌntl ˈsaɪnəs/	额窦	the paranasal sinus in the frontal bone
ethmoidal sinus	phrase	/ˈeθmɔɪdl ˈsaɪnəs/	筛窦	the paranasal sinuses in the ethmoid
nostril	noun	/ˈnɑːstrəl/	鼻孔	an external opening of the nose
sphenoid sinus	phrase	/ˈsfiːnɔɪd ˈsaɪnəs/	蝶窦	the paranasal sinus in the sphenoid bone
nasopharynx	noun	/ˌneɪzoʊˈfærɪŋks/	鼻咽	the pharynx behind the nasal cavity
oropharynx	noun	/ˌɔːroʊˈfærɪŋks/	口咽	the pharynx behind the oral cavity
apex	noun	/ˈeɪpeks/	尖；顶端	the pointed end of an organ, such as the lung apex
hypopharynx	noun	/ˌhaɪpoʊˈfærɪŋks/	下咽	the lowest part of the pharynx; laryngopharynx
hilum	noun	/ˈhaɪləm/	门	the site where vessels and bronchi enter an organ
laryngopharynx	noun	/ləˌrɪŋɡoʊˈfærɪŋks/	喉咽	the pharynx beside the larynx
collarbone	noun	/ˈkɑːlərboʊn/	锁骨	the clavicle
adenoids	noun	/ˈædənɔɪdz/	腺样体	pharyngeal tonsil tissue in the nasopharynx
hypopharyngeal	adjective	/ˌhaɪpoʊfəˈrɪndʒiəl/	下咽的	relating to the hypopharynx
pharyngeal tonsils	phrase	/fəˈrɪndʒiəl ˈtɑːnslz/	咽扁桃体	lymphoid tissue in the nasopharynx; adenoids
thoracic cavity	phrase	/θɔːˈræsɪk ˈkævəti/	胸腔	the chest cavity enclosed by ribs and diaphragm
abdominal cavity	phrase	/æbˈdɑːmɪnl ˈkævəti/	腹腔	the peritoneal cavity of the abdomen
palatine tonsils	phrase	/ˈpælətaɪn ˈtɑːnslz/	腭扁桃体	the tonsils in the oropharynx
inhalation	noun	/ˌɪnhəˈleɪʃn/	吸气	drawing air into the lungs
tongue tonsil	phrase	/tʌŋ ˈtɑːnsl/	舌扁桃体	lymphoid tissue at the tongue base; lingual tonsil
vocal cords	phrase	/ˈvoʊkl kɔːrdz/	声带	the folds in the larynx that produce voice
exhalation	noun	/ˌekshəˈleɪʃn/	呼气	pushing air out of the lungs
mucous membrane	phrase	/ˈmjuːkəs ˈmembreɪn/	黏膜	a lining that secretes mucus
fibrous connective tissue	phrase	/ˈfaɪbrəs kəˈnektɪv ˈtɪʃuː/	纤维结缔组织	dense connective tissue rich in collagen
phrenic nerve	phrase	/ˈfrenɪk nɜːrv/	膈神经	the nerve that drives the diaphragm
bronchi	noun	/ˈbrɑːŋkaɪ/	支气管	the two main airway branches from the trachea
acidity	noun	/əˈsɪdəti/	酸度	how acidic a fluid or tissue is
alkalinity	noun	/ˌælkəˈlɪnəti/	碱度	how alkaline a fluid or tissue is
alveoli	noun	/ælˈviːəlaɪ/	肺泡	the tiny air sacs where gas exchange occurs
alkali	noun	/ˈælkəlaɪ/	碱	a base that can neutralize acid
parietal pleura	phrase	/pəˈraɪətl ˈplʊrə/	壁层胸膜	the pleural layer lining the chest wall
hyperventilation	noun	/ˌhaɪpərˌventɪˈleɪʃn/	过度通气	breathing faster or deeper than metabolic need
visceral pleura	phrase	/ˈvɪsərəl ˈplʊrə/	脏层胸膜	the pleural layer covering the lung
hypoventilation	noun	/ˌhaɪpoʊˌventɪˈleɪʃn/	通气不足	breathing too little for metabolic need
horizontal fissure	phrase	/ˌhɔːrəˈzɑːntl ˈfɪʃər/	水平裂	the fissure separating the right upper and middle lobes
mucus	noun	/ˈmjuːkəs/	黏液	the sticky secretion of mucous glands
oblique fissure	phrase	/əˈbliːk ˈfɪʃər/	斜裂	the fissure separating upper and lower lung lobes
exudates	noun	/ˈeksjudeɪts/	渗出液	protein-rich fluid leaking from inflamed vessels
solidification	noun	/səˌlɪdɪfɪˈkeɪʃn/	实变	lung tissue becoming firm, as in consolidation
allergic	adjective	/əˈlɜːrdʒɪk/	过敏的	caused by or relating to allergy
influenza	noun	/ˌɪnfluˈenzə/	流行性感冒	an acute viral respiratory infection
pneumonitis	noun	/ˌnuːməˈnaɪtɪs/	肺炎（广义）；肺炎症	inflammation of lung tissue, not always infectious
steroids	noun	/ˈstɪrɔɪdz/	甾体；糖皮质激素	corticosteroid drugs that suppress inflammation
lobar pneumonia	phrase	/ˈloʊbər nuːˈmoʊniə/	大叶性肺炎	pneumonia involving a whole lobe
allergen	noun	/ˈælərdʒən/	变应原	a substance that triggers allergy
polio	noun	/ˈpoʊlioʊ/	脊髓灰质炎	poliomyelitis, a viral disease that can paralyze
bronchopneumonia	noun	/ˌbrɑːŋkoʊnuːˈmoʊniə/	支气管肺炎	patchy pneumonia centered on bronchioles
paralyze	verb	/ˈpærəlaɪz/	使瘫痪	to take away the ability to move a part
pleurisy	noun	/ˈplʊrəsi/	胸膜炎	inflammation of the pleura, often painful
mature	adjective	/məˈtʃʊr/	成熟的	fully developed
tubercle	noun	/ˈtuːbərkl/	结节；结核结节	a small rounded nodule, classically in tuberculosis
prematurely	adverb	/ˌpriːməˈtʃʊrli/	过早地	earlier than the expected time
digitalis	noun	/ˌdɪdʒɪˈteɪlɪs/	洋地黄	a cardiac glycoside used for some heart failure and arrhythmia
phlegm	noun	/flem/	痰	thick mucus from the airways
diuretics	noun	/ˌdaɪjʊˈretɪks/	利尿剂	drugs that increase urine output
bronchospasm	noun	/ˈbrɑːŋkospæzm/	支气管痉挛	sudden narrowing of bronchi by smooth-muscle contraction
simple chronic bronchitis	phrase	/ˈsɪmpl ˈkrɑːnɪk brɑːŋˈkaɪtɪs/	单纯慢性支气管炎	chronic bronchitis with cough and sputum but little obstruction
pneumoconiosis	noun	/ˌnuːmoʊˌkoʊniˈoʊsɪs/	尘肺	lung disease from inhaled mineral dust
chronic obstructive bronchitis	phrase	/ˈkrɑːnɪk əbˈstrʌktɪv brɑːŋˈkaɪtɪs/	慢性阻塞性支气管炎	chronic bronchitis with airflow obstruction
silicosis	noun	/ˌsɪlɪˈkoʊsɪs/	矽肺	pneumoconiosis from silica dust
anthracosilicosis	noun	/ˌænθrəkoʊˌsɪlɪˈkoʊsɪs/	煤矽肺	pneumoconiosis from coal and silica dust
asthmatic bronchitis	phrase	/æzˈmætɪk brɑːŋˈkaɪtɪs/	哮喘性支气管炎	bronchitis with a wheezing, reversible component
noxious	adjective	/ˈnɑːkʃəs/	有害的	harmful to tissue or health
bronchiectasis	noun	/ˌbrɑːŋkiˈektəsɪs/	支气管扩张	permanent abnormal widening of bronchi
systolic pressure	phrase	/sɪˈstɑːlɪk ˈpreʃər/	收缩压	the arterial pressure during ventricular contraction
diastolic pressure	phrase	/ˌdaɪəˈstɑːlɪk ˈpreʃər/	舒张压	the arterial pressure during ventricular relaxation
congestive heart failure	phrase	/kənˈdʒestɪv hɑːrt ˈfeɪljər/	充血性心力衰竭	heart failure with fluid backup in lungs or body
coronary heart disease	phrase	/ˈkɔːrəneri hɑːrt dɪˈziːz/	冠心病	atherosclerotic disease of the coronary arteries
vegetation	noun	/ˌvedʒəˈteɪʃn/	赘生物	a clot-like mass on a valve, as in endocarditis
angina pectoris	phrase	/ænˈdʒaɪnə ˈpektərɪs/	心绞痛	chest pain from myocardial ischemia
essential hypertension	phrase	/ɪˈsenʃl ˌhaɪpərˈtenʃn/	原发性高血压	high blood pressure without an identified secondary cause
secondary hypertension	phrase	/ˈsekənderi ˌhaɪpərˈtenʃn/	继发性高血压	high blood pressure caused by another disease
myocardial infarction	phrase	/ˌmaɪəˈkɑːrdiəl ɪnˈfɑːrkʃn/	心肌梗死	death of heart muscle from blocked coronary flow
pericardial tamponade	phrase	/ˌperɪˈkɑːrdiəl ˌtæmpəˈneɪd/	心包填塞	compression of the heart by fluid in the pericardium
arhythmia	noun	/əˈrɪðmiə/	心律失常	an irregular heartbeat (textbook spelling of arrhythmia)
dextran	noun	/ˈdekstrən/	右旋糖酐	a polysaccharide plasma expander
vomitus	noun	/ˈvɑːmɪtəs/	呕吐物	material ejected from the stomach
spermatic cord	phrase	/spərˈmætɪk kɔːrd/	精索	the cord carrying vas, vessels, and nerves to the testis
rheumatic heart disease	phrase	/ruːˈmætɪk hɑːrt dɪˈziːz/	风湿性心脏病	valve damage after rheumatic fever
piles	noun	/paɪlz/	痔	hemorrhoids
varix	noun	/ˈverɪks/	静脉曲张	a permanently dilated vein
valvular murmur	phrase	/ˈvælvjələr ˈmɜːrmər/	瓣膜杂音	a heart murmur from abnormal valve flow
etiology	noun	/ˌiːtiˈɑːlədʒi/	病因	the cause of a disease
hemocyte	noun	/ˈhiːməsaɪt/	血细胞	a blood cell
thymus gland	phrase	/ˈθaɪməs ɡlænd/	胸腺	the gland where T lymphocytes mature
platelets	noun	/ˈpleɪtlɪts/	血小板	cell fragments that help blood clot
lymphoid organs	phrase	/ˈlɪmfɔɪd ˈɔːrɡənz/	淋巴器官	organs of the immune system such as nodes and spleen
thrombocytes	noun	/ˈθrɑːmbəsaɪts/	血小板	another name for platelets
debris	noun	/dəˈbriː/	碎屑	broken-down tissue or foreign fragments
clotting cells	phrase	/ˈklɑːtɪŋ selz/	凝血细胞	cells or fragments that participate in clot formation
cytotoxic	adjective	/ˌsaɪtoʊˈtɑːksɪk/	细胞毒性的	able to kill cells
interferon	noun	/ˌɪntərˈfɪrɑːn/	干扰素	a cytokine that helps resist viral infection
fibrinogen	noun	/faɪˈbrɪnədʒən/	纤维蛋白原	the plasma protein converted to fibrin in clotting
interleukins	noun	/ˌɪntərˈluːkɪnz/	白细胞介素	cytokines that signal among white cells
globulin	noun	/ˈɡlɑːbjəlɪn/	球蛋白	a class of plasma proteins including antibodies
heart palpitation	phrase	/hɑːrt ˌpælpɪˈteɪʃn/	心悸	awareness of an irregular or forceful heartbeat
prothrombin	noun	/proʊˈθrɑːmbɪn/	凝血酶原	a clotting factor converted to thrombin
globin	noun	/ˈɡloʊbɪn/	珠蛋白	the protein part of hemoglobin
irritation	noun	/ˌɪrɪˈteɪʃn/	刺激；激惹	local inflammation or unpleasant stimulation
aplastic anemia	phrase	/eɪˈplæstɪk əˈniːmiə/	再生障碍性贫血	anemia from failed marrow blood-cell production
pigment	noun	/ˈpɪɡmənt/	色素	a colored substance in tissue or blood
pancytopenia	noun	/ˌpænsaɪtəˈpiːniə/	全血细胞减少	low red cells, white cells, and platelets together
heme	noun	/hiːm/	血红素	the iron-containing part of hemoglobin
hemolytic anemia	phrase	/ˌhiːməˈlɪtɪk əˈniːmiə/	溶血性贫血	anemia from premature red-cell destruction
clotting factors	phrase	/ˈklɑːtɪŋ ˈfæktərz/	凝血因子	plasma proteins of the coagulation cascade
spherocytosis	noun	/ˌsfɪroʊsaɪˈtoʊsɪs/	球形红细胞增多	red cells that are sphere-shaped and fragile
erythropoietin	noun	/ɪˌrɪθroʊˈpɔɪətɪn/	促红细胞生成素	a kidney hormone that stimulates red-cell production
pernicious	adjective	/pərˈnɪʃəs/	恶性的	destructive; in pernicious anemia, B12-deficiency anemia
granulocytes	noun	/ˈɡrænjələsaɪts/	粒细胞	white cells with granules: neutrophils, eosinophils, basophils
megaloblast	noun	/ˈmeɡələblæst/	巨幼红细胞	an abnormally large nucleated red-cell precursor
eosinophil	noun	/ˌiːəˈsɪnəfɪl/	嗜酸性粒细胞	a granulocyte involved in allergy and parasites
sickle cell anemia	phrase	/ˈsɪkl sel əˈniːmiə/	镰状细胞贫血	an inherited anemia with sickle-shaped red cells
basophil	noun	/ˈbeɪsəfɪl/	嗜碱性粒细胞	a granulocyte that releases histamine
arthralgias	noun	/ɑːrˈθrældʒiəz/	关节痛	joint pains without necessary swelling
agranulocyte	noun	/eɪˈɡrænjələsaɪt/	无粒白细胞	a white cell without obvious granules, such as a lymphocyte
extremities	noun	/ɪkˈstremətiz/	四肢	the arms and legs
monocyte	noun	/ˈmɑːnəsaɪt/	单核细胞	a circulating precursor of macrophages
ulceration	noun	/ˌʌlsəˈreɪʃn/	溃疡形成	the process of forming an ulcer
thalassemia	noun	/ˌθæləˈsiːmiə/	地中海贫血	an inherited defect in globin-chain synthesis
polymorphonuclear	adjective	/ˌpɑːlimɔːrfoʊˈnuːkliər/	多形核的	having a multi-lobed nucleus, as neutrophils do
thrombocytopenia	noun	/ˌθrɑːmboʊˌsaɪtəˈpiːniə/	血小板减少	an abnormally low platelet count
detoxify	verb	/diːˈtɑːksɪfaɪ/	解毒	to make a toxin less harmful
petechiae	noun	/pəˈtiːkiiː/	瘀点	tiny pinpoint hemorrhages in skin or mucosa
ecchymosis	noun	/ˌekɪˈmoʊsɪs/	瘀斑	a larger subcutaneous bleed; a bruise
phagocytic	adjective	/ˌfæɡəˈsɪtɪk/	吞噬的	able to engulf particles or microbes
macrophages	noun	/ˈmækroʊfeɪdʒɪz/	巨噬细胞	tissue phagocytes derived from monocytes
hemophilia	noun	/ˌhiːməˈfɪliə/	血友病	an inherited clotting-factor deficiency with bleeding
phagocytosis	noun	/ˌfæɡəsaɪˈtoʊsɪs/	吞噬作用	engulfment of particles by a cell
autoimmune disease	phrase	/ˌɔːtoʊɪˈmjuːn dɪˈziːz/	自身免疫病	disease in which the immune system attacks host tissue
megakaryocyte	noun	/ˌmeɡəˈkærioʊsaɪt/	巨核细胞	the large marrow cell that sheds platelets
hemostasis	noun	/ˌhiːmoʊˈsteɪsɪs/	止血	the stopping of bleeding
hemarthrosis	noun	/ˌhiːmɑːrˈθroʊsɪs/	关节积血	bleeding into a joint
myeloblast	noun	/ˈmaɪələblæst/	成髓细胞	an immature myeloid white-cell precursor
neoplasms	noun	/ˈniːəplæzəmz/	肿瘤；新生物	abnormal new growths; tumors
lymphoblast	noun	/ˈlɪmfəblæst/	成淋巴细胞	an immature lymphocyte precursor
acute myelogenous leukemia	phrase	/əˈkjuːt ˌmaɪəˈlɑːdʒənəs luːˈkiːmiə/	急性髓系白血病	a fast myeloid-line blood cancer
hypercalcemia	noun	/ˌhaɪpərkælˈsiːmiə/	高钙血症	an abnormally high blood calcium
itching	noun	/ˈɪtʃɪŋ/	瘙痒	the sensation that makes a person want to scratch
acute lymphocytic leukemia	phrase	/əˈkjuːt ˌlɪmfəˈsɪtɪk luːˈkiːmiə/	急性淋巴细胞白血病	a fast lymphoid-line blood cancer, especially in children
sneezing	noun	/ˈsniːzɪŋ/	喷嚏	a sudden explosive expulsion of air from the nose
chronic myelogenous leukemia	phrase	/ˈkrɑːnɪk ˌmaɪəˈlɑːdʒənəs luːˈkiːmiə/	慢性髓系白血病	a slower myeloid leukemia often with a Philadelphia chromosome
urticaria	noun	/ˌɜːrtɪˈkeriə/	荨麻疹	itchy wheals; hives
immunodeficiency	noun	/ˌɪmjənoʊdɪˈfɪʃnsi/	免疫缺陷	impaired ability to fight infection
dysgammaglobulinemia	noun	/dɪsˌɡæməˌɡlɑːbjəlɪˈniːmiə/	丙种球蛋白异常血症	abnormal immunoglobulin levels
multiple myeloma	phrase	/ˈmʌltɪpl ˌmaɪəˈloʊmə/	多发性骨髓瘤	a plasma-cell cancer of bone marrow
plasma cells	phrase	/ˈplæzmə selz/	浆细胞	antibody-secreting B-lineage cells
extrinsic	adjective	/ɪkˈstrɪnsɪk/	外源性的	coming from outside the organ or pathway
osteolytic	adjective	/ˌɑːstioʊˈlɪtɪk/	溶骨的	causing bone destruction
intrinsic	adjective	/ɪnˈtrɪnsɪk/	内源性的	arising from within the organ or pathway
lymphadenopathy	noun	/lɪmˌfædəˈnɑːpəθi/	淋巴结病	enlarged or abnormal lymph nodes
zygote	noun	/ˈzaɪɡoʊt/	受精卵	the cell formed by fusion of sperm and ovum
quadruplet	noun	/ˈkwɑːdrəplət/	四胞胎之一	one of four siblings from the same pregnancy
oviduct	noun	/ˈoʊvɪdʌkt/	输卵管	the tube that carries the ovum; fallopian tube
dissimilar	adjective	/dɪˈsɪmələr/	不相同的	not alike
endometrium	noun	/ˌendəʊˈmiːtriəm/	子宫内膜	the inner lining of the uterus
abort	verb	/əˈbɔːrt/	流产；中止妊娠	to end a pregnancy before viability
vagina	noun	/vəˈdʒaɪnə/	阴道	the canal from the uterus to the outside
chorionic sac	phrase	/ˌkɔːriˈɑːnɪk sæk/	绒毛膜囊	the early extra-embryonic sac formed by chorion
cervix	noun	/ˈsɜːrvɪks/	宫颈	the lower neck of the uterus
chorion	noun	/ˈkɔːriən/	绒毛膜	the outer fetal membrane that contributes to the placenta
fallopian tubes	phrase	/fəˈloʊpiən tuːbz/	输卵管	the tubes from ovary to uterus
gonadotropin	noun	/ˌɡoʊnædəˈtroʊpɪn/	促性腺激素	a hormone that stimulates the gonads
fertilization	noun	/ˌfɜːrtələˈzeɪʃn/	受精	union of sperm and ovum
corpus luteum	phrase	/ˈkɔːrpəs ˈluːtiəm/	黄体	the post-ovulatory follicle that secretes progesterone
pregnancy tests	phrase	/ˈpreɡnənsi tests/	妊娠试验	tests that detect hCG to confirm pregnancy
amniotic sac	phrase	/ˌæmniˈɑːtɪk sæk/	羊膜囊	the fluid-filled sac around the fetus
umbilical cord	phrase	/ʌmˈbɪlɪkl kɔːrd/	脐带	the cord linking fetus and placenta
amniorrhea	noun	/ˌæmnioʊˈriːə/	羊水流出	leakage of amniotic fluid
amnion	noun	/ˈæmniən/	羊膜	the inner fetal membrane around the amniotic fluid
trimester	noun	/traɪˈmestər/	孕期（三个月）	one of the three three-month spans of pregnancy
menstrual	adjective	/ˈmenstruəl/	月经的	relating to menstruation
parturition	noun	/ˌpɑːrtjʊˈrɪʃn/	分娩	the process of giving birth
birth canal	phrase	/bɜːrθ kəˈnæl/	产道	the passage the fetus travels during birth
dystocia	noun	/dɪsˈtoʊʃə/	难产	difficult labor
gravida	noun	/ˈɡrævɪdə/	孕妇	a woman who is or has been pregnant
cesarean birth	phrase	/sɪˈzeriən bɜːrθ/	剖宫产	delivery of the fetus through an abdominal incision
primigravida	noun	/ˌpraɪmɪˈɡrævɪdə/	初孕妇	a woman pregnant for the first time
oxytocin	noun	/ˌɑːksɪˈtoʊsɪn/	缩宫素	a hormone that contracts the uterus and ejects milk
para	noun	/ˈpærə/	产次	the number of pregnancies that reached viability
prostaglandin	noun	/ˌprɑːstəˈɡlændɪn/	前列腺素	a lipid mediator that can ripen the cervix and cause contraction
inheritable	adjective	/ɪnˈherɪtəbl/	可遗传的	able to be passed from parent to offspring
offspring	noun	/ˈɔːfsprɪŋ/	子代	children or descendants
dominant	adjective	/ˈdɑːmɪnənt/	显性的	expressed even when only one allele is present
triplet	noun	/ˈtrɪplət/	三胞胎之一	one of three siblings from the same pregnancy
recessive	adjective	/rɪˈsesɪv/	隐性的	expressed only when both alleles are the variant
cell division	phrase	/sel dɪˈvɪʒn/	细胞分裂	the process of one cell becoming two
rearrangement	noun	/ˌriːəˈreɪndʒmənt/	重排	a structural change in chromosome order
identical	adjective	/aɪˈdentɪkl/	同卵的；相同的	the same, as in identical twins from one zygote
fragment	noun	/ˈfræɡmənt/	片段	a broken piece of a chromosome or molecule
preeclampsia	noun	/ˌpriːɪˈklæmpsiə/	子痫前期	pregnancy hypertension with organ injury, often proteinuria
cleft palate	phrase	/kleft ˈpælət/	腭裂	a congenital gap in the palate
diabetes mellitus	phrase	/ˌdaɪəˈbiːtiːz məˈlaɪtəs/	糖尿病	a disorder of high blood glucose from insulin lack or resistance
toxemia	noun	/tɑːkˈsiːmiə/	毒血症	an older name for preeclampsia-related pregnancy toxicity
amniocentesis	noun	/ˌæmnioʊsenˈtiːsɪs/	羊膜穿刺	sampling amniotic fluid, usually for fetal testing
proteinuria	noun	/ˌproʊtiˈnjʊriə/	蛋白尿	protein in the urine
ectopic	adjective	/ekˈtɑːpɪk/	异位的	located outside the normal site, as in ectopic pregnancy
karyotype	noun	/ˈkærioʊtaɪp/	核型	the chromosome set of a cell arranged for study
salpingitis	noun	/ˌsælpɪnˈdʒaɪtɪs/	输卵管炎	inflammation of a fallopian tube
chorionic villus	phrase	/ˌkɔːriˈɑːnɪk ˈvɪləs/	绒毛	a placental projection used in some prenatal tests
endometriosis	noun	/ˌendəʊˌmiːtriˈoʊsɪs/	子宫内膜异位症	endometrial-like tissue growing outside the uterus
transmit	verb	/trænzˈmɪt/	传播；传递	to pass a trait or infection from one individual to another
mendelian fashion	phrase	/menˈdiːliən ˈfæʃn/	孟德尔方式	inheritance following Mendel's single-gene rules
laparoscopic	adjective	/ˌlæpərəˈskɑːpɪk/	腹腔镜的	done through a laparoscope
miscarriage	noun	/ˈmɪskærɪdʒ/	自然流产	spontaneous loss of a pregnancy before viability
immunogenetics	noun	/ˌɪmjənoʊdʒəˈnetɪks/	免疫遗传学	the genetics of immune-system variation
incompetence	noun	/ɪnˈkɑːmpɪtəns/	关闭不全；功能不全	failure of a valve or cervix to close properly
induced abortion	phrase	/ɪnˈduːst əˈbɔːrʃn/	人工流产	intentional ending of a pregnancy
incur	verb	/ɪnˈkɜːr/	招致	to bring a risk or complication upon oneself
suction	noun	/ˈsʌkʃn/	吸引	removal of fluid or tissue by vacuum
mutagen	noun	/ˈmjuːtədʒən/	诱变剂	an agent that causes mutation
birth defect	phrase	/bɜːrθ ˈdiːfekt/	出生缺陷	a structural or functional abnormality present at birth
mutagenic	adjective	/ˌmjuːtəˈdʒenɪk/	诱变的	able to cause mutation
teratogen	noun	/ˈterətədʒən/	致畸物	an agent that causes fetal malformation
carcinogen	noun	/kɑːrˈsɪnədʒən/	致癌物	an agent that can cause cancer
malformation	noun	/ˌmælfɔːrˈmeɪʃn/	畸形	an abnormal anatomic shape present from development
albinism	noun	/ˈælbɪnɪzəm/	白化病	a genetic lack of normal pigment
rubella	noun	/ruːˈbelə/	风疹	German measles, a viral rash illness dangerous in early pregnancy
pigmentation	noun	/ˌpɪɡmənˈteɪʃn/	色素沉着	the coloring of skin or other tissue
homozygote	noun	/ˌhoʊmoʊˈzaɪɡoʊt/	纯合子	an individual with two identical alleles of a gene
measles	noun	/ˈmiːzlz/	麻疹	a highly contagious viral rash illness
progeny	noun	/ˈprɑːdʒəni/	后代	offspring
herpes simplex	phrase	/ˈhɜːrpiːz ˈsɪmpleks/	单纯疱疹	a viral infection causing vesicular sores
schizophrenia	noun	/ˌskɪtsəˈfriːniə/	精神分裂症	a severe psychiatric disorder of thought and perception
syphilis	noun	/ˈsɪfəlɪs/	梅毒	a sexually transmitted spirochetal infection
counselor	noun	/ˈkaʊnsələr/	咨询者	a person who gives genetic or clinical advice
atresia	noun	/əˈtriːʒə/	闭锁	congenital absence or closure of an opening
mutant	noun	/ˈmjuːtnt/	突变体	an organism or gene carrying a mutation
anencephalus	noun	/ˌænənˈsefələs/	无脑畸形	a fetus lacking major parts of the brain and skull
prenatal	adjective	/ˌpriːˈneɪtl/	产前的	before birth
spina bifida	phrase	/ˈspaɪnə ˈbɪfɪdə/	脊柱裂	a neural-tube defect with incomplete vertebral closure
lethal	adjective	/ˈliːθl/	致死的	able to cause death
cleft lip	phrase	/kleft lɪp/	唇裂	a congenital gap in the upper lip
euphenics	noun	/juːˈfenɪks/	表型矫正	improving the expressed phenotype without changing the genotype
euphenic	adjective	/juːˈfenɪk/	表型矫正的	relating to treatment that improves phenotype
reproduction	noun	/ˌriːprəˈdʌkʃn/	生殖	the process of producing offspring
dwarf	noun	/dwɔːrf/	侏儒	a person with marked short stature
nutrien	noun	/ˈnuːtriənt/	营养素	a classroom spelling of nutrient, a food substance the body uses
target tissue	phrase	/ˈtɑːrɡɪt ˈtɪʃuː/	靶组织	the tissue on which a hormone acts
glandular	adjective	/ˈɡlændʒələr/	腺的	relating to a gland
hormonal	adjective	/hɔːrˈmoʊnl/	激素的	relating to hormones
norepinephrine	noun	/ˌnɔːrepɪˈnefrɪn/	去甲肾上腺素	a catecholamine neurotransmitter and vasopressor
proteinlike compound	phrase	/ˈproʊtiːnlaɪk ˈkɑːmpaʊnd/	蛋白质样化合物	a peptide or protein-like messenger
gonad	noun	/ˈɡoʊnæd/	性腺	an ovary or testis
exocrine	adjective	/ˈeksəkrɪn/	外分泌的	secreting through a duct to a surface
islets of langerhans	phrase	/ˈaɪləts əv ˈlæŋərhɑːns/	胰岛	the endocrine cell clusters of the pancreas
ovarian	adjective	/oʊˈveriən/	卵巢的	relating to the ovary
estradiol	noun	/ˌestrəˈdaɪɔːl/	雌二醇	the main ovarian estrogen
renin	noun	/ˈriːnɪn/	肾素	a kidney enzyme that starts the angiotensin cascade
phosphorus	noun	/ˈfɑːsfərəs/	磷	an essential mineral in bone and energy metabolism
malatonin	noun	/ˌmeləˈtoʊnɪn/	褪黑素	a pineal sleep hormone (textbook spelling of melatonin)
puberty	noun	/ˈpjuːbərti/	青春期	the period of becoming sexually mature
circadian rhythms	phrase	/sərˈkeɪdiən ˈrɪðəmz/	昼夜节律	about-24-hour biologic cycles
parathyroid hormone	phrase	/ˌpærəˈθaɪrɔɪd ˈhɔːrmoʊn/	甲状旁腺激素	the hormone that raises blood calcium
pineal	adjective	/ˈpɪniəl/	松果体的	relating to the pineal gland
calcitonin	noun	/ˌkælsɪˈtoʊnɪn/	降钙素	a thyroid hormone that lowers blood calcium
sphenoid	noun	/ˈsfiːnɔɪd/	蝶骨	the bone at the base of the skull housing the pituitary fossa
anterior lobe	phrase	/ænˈtɪriər loʊb/	前叶	the front lobe of the pituitary; adenohypophysis
primary aldosteronism	phrase	/ˈpraɪmeri ælˈdɑːstərənɪzəm/	原发性醛固酮增多症	excess aldosterone from the adrenal itself
adenohypophysis	noun	/ˌædənəʊhaɪˈpɑːfəsɪs/	腺垂体	the anterior pituitary
posterior lobe	phrase	/pɑːˈstɪriər loʊb/	后叶	the back lobe of the pituitary; neurohypophysis
pheochromocytoma	noun	/ˌfiːoʊˌkroʊməsaɪˈtoʊmə/	嗜铬细胞瘤	a catecholamine-secreting adrenal medullary tumor
neurohypophysis	noun	/ˌnʊroʊhaɪˈpɑːfəsɪs/	神经垂体	the posterior pituitary
gigantism	noun	/dʒaɪˈɡæntɪzəm/	巨人症	excess growth hormone before epiphyseal closure
acromegaly	noun	/ˌækroʊˈmeɡəli/	肢端肥大症	excess growth hormone after epiphyseal closure
mammary	adjective	/ˈmæməri/	乳房的	relating to the breast
diabetes insipidus	phrase	/ˌdaɪəˈbiːtiːz ɪnˈsɪpɪdəs/	尿崩症	large volumes of dilute urine from ADH lack or resistance
antidiuretic	adjective	/ˌæntidaɪjʊˈretɪk/	抗利尿的	reducing urine volume, as ADH does
uterine	adjective	/ˈjuːtəraɪn/	子宫的	relating to the uterus
isthmus	noun	/ˈɪsməs/	峡	a narrow connection, such as the thyroid isthmus
hyperparathyroidism	noun	/ˌhaɪpərˌpærəˈθaɪrɔɪdɪzəm/	甲状旁腺功能亢进	excess parathyroid hormone with high calcium
hypoparathyroidism	noun	/ˌhaɪpoʊˌpærəˈθaɪrɔɪdɪzəm/	甲状旁腺功能减退	too little parathyroid hormone with low calcium
triiodothyronine	noun	/traɪˌaɪədoʊˈθaɪrəniːn/	三碘甲腺原氨酸	T3, the more active thyroid hormone
medullar	adjective	/məˈdʌlər/	髓质的	relating to a medulla (textbook form of medullary)
glucocorticoid	noun	/ˌɡluːkoʊˈkɔːrtɪkɔɪd/	糖皮质激素	an adrenal steroid that raises glucose and suppresses inflammation
endemic goiter	phrase	/enˈdemɪk ˈɡɔɪtər/	地方性甲状腺肿	goiter common in an iodine-deficient region
mineralocorticoid	noun	/ˌmɪnərələʊˈkɔːrtɪkɔɪd/	盐皮质激素	an adrenal steroid that retains sodium, such as aldosterone
nodular goiter	phrase	/ˈnɑːdʒələr ˈɡɔɪtər/	结节性甲状腺肿	an enlarged thyroid containing nodules
bruit	noun	/bruːi/	杂音	an abnormal vascular sound heard with a stethoscope
myxedema	noun	/ˌmɪksəˈdiːmə/	黏液性水肿	severe hypothyroidism with doughy swelling
ptosis	noun	/ˈtoʊsɪs/	下垂	drooping of an organ or eyelid
diencephalon	noun	/ˌdaɪenˈsefəlɑːn/	间脑	the brain region including thalamus and hypothalamus
pons	noun	/pɑːnz/	脑桥	the brainstem bulge between midbrain and medulla
neurology	noun	/nʊˈrɑːlədʒi/	神经病学	the study of the nervous system and its diseases
acetylcholine	noun	/əˌsiːtlˈkoʊliːn/	乙酰胆碱	a neurotransmitter at neuromuscular and many autonomic synapses
brain stem	phrase	/breɪn stem/	脑干	midbrain, pons, and medulla connecting brain and cord
efferent	adjective	/ˈefərənt/	传出的	carrying impulses away from a center
medulla oblongata	phrase	/məˈdʌlə ˌɑːblɔːŋˈɡɑːtə/	延髓	the lowest brainstem, continuous with the spinal cord
afferent	adjective	/ˈæfərənt/	传入的	carrying impulses toward a center
meninx	noun	/ˈmiːnɪŋks/	脑膜	one of the meninges covering brain or cord
cauda equina	phrase	/ˈkɔːdə ɪˈkwaɪnə/	马尾	the bundle of lumbar and sacral roots below the cord
dura	noun	/ˈdʊrə/	硬膜	the tough outer meninx; dura mater
mater	noun	/ˈmeɪtər/	膜（脑脊膜）	mater in dura/pia/arachnoid mater, a meningeal layer
arachnoid	noun	/əˈræknɔɪd/	蛛网膜	the middle meningeal layer
ganglion	noun	/ˈɡæŋɡliən/	神经节	a cluster of nerve-cell bodies outside the CNS
pia mater	phrase	/ˈpiːə ˈmeɪtər/	软膜	the delicate inner meninx on the brain and cord surface
plexus	noun	/ˈpleksəs/	丛	a network of nerves or vessels
lumbar puncture	phrase	/ˈlʌmbər ˈpʌŋktʃər/	腰椎穿刺	needle sampling of CSF in the lumbar sac
electrical charge	phrase	/ɪˈlektrɪkl tʃɑːrdʒ/	电荷	the charged state that underlies nerve action potentials
myelin	noun	/ˈmaɪəlɪn/	髓鞘质	the insulating sheath around many axons
neurilemma	noun	/ˌnʊrɪˈlemə/	神经膜	the Schwann-cell sheath around a peripheral axon
white matter	phrase	/waɪt ˈmætər/	白质	CNS tissue rich in myelinated axons
gray matter	phrase	/ɡreɪ ˈmætər/	灰质	CNS tissue rich in cell bodies
neurotransmitter	noun	/ˌnʊroʊˈtrænzmɪtər/	神经递质	a chemical signal released at a synapse
neuroglia	noun	/nʊˈroʊɡliə/	神经胶质	the supporting cells of the nervous system
astrocyte	noun	/ˈæstroʊsaɪt/	星形胶质细胞	a star-shaped glial cell of the CNS
glioma	noun	/ɡliˈoʊmə/	胶质瘤	a tumor of glial cells
microglia	noun	/maɪˈkroʊɡliə/	小胶质细胞	the resident immune cells of the CNS
oligodendroglia	noun	/ˌɑːlɪɡoʊdenˈdrɑːɡliə/	少突胶质细胞	CNS cells that form myelin
convolution	noun	/ˌkɑːnvəˈluːʃn/	脑回	a gyrus; a fold of the cerebral cortex
peripheral nervous system	phrase	/pəˈrɪfərəl ˈnɜːrvəs ˈsɪstəm/	周围神经系统	nerves and ganglia outside the brain and cord
autonomic nervous system	phrase	/ˌɔːtəˈnɑːmɪk ˈnɜːrvəs ˈsɪstəm/	自主神经系统	the involuntary visceral motor system
visceral nervous system	phrase	/ˈvɪsərəl ˈnɜːrvəs ˈsɪstəm/	内脏神经系统	the nerves supplying internal organs
groove	noun	/ɡruːv/	沟	a shallow furrow on a bone or organ surface
fissure	noun	/ˈfɪʃər/	裂	a deeper cleft, as between cerebral hemispheres
sulcus	noun	/ˈsʌlkəs/	沟	a groove between gyri of the cortex
thalamus	noun	/ˈθæləməs/	丘脑	the diencephalic relay for sensory pathways to cortex
